{
  "n_models": 9,
  "metrics": {
    "baseline": {
      "per_seed": {
        "0": {
          "num": 577,
          "den": 900,
          "rate_pct": 64.11111111111111
        },
        "1": {
          "num": 588,
          "den": 900,
          "rate_pct": 65.33333333333333
        },
        "2": {
          "num": 575,
          "den": 900,
          "rate_pct": 63.888888888888886
        },
        "3": {
          "num": 585,
          "den": 900,
          "rate_pct": 65.0
        }
      },
      "mean_pct": 64.58333333333333,
      "sd_pct": 0.600282855138174,
      "sample_sd_pct": 0.6931469360078839,
      "min_pct": 63.888888888888886,
      "max_pct": 65.33333333333333,
      "n_seeds": 4
    },
    "compare": {
      "per_seed": {
        "0": {
          "num": 3,
          "den": 900,
          "rate_pct": 0.3333333333333333
        },
        "1": {
          "num": 1,
          "den": 900,
          "rate_pct": 0.1111111111111111
        },
        "2": {
          "num": 3,
          "den": 900,
          "rate_pct": 0.3333333333333333
        },
        "3": {
          "num": 3,
          "den": 900,
          "rate_pct": 0.3333333333333333
        }
      },
      "mean_pct": 0.2777777777777778,
      "sd_pct": 0.09622504486493762,
      "sample_sd_pct": 0.1111111111111111,
      "min_pct": 0.1111111111111111,
      "max_pct": 0.3333333333333333,
      "n_seeds": 4
    },
    "exp3b": {
      "per_seed": {
        "0": {
          "num": 861,
          "den": 900,
          "rate_pct": 95.66666666666667
        },
        "1": {
          "num": 843,
          "den": 900,
          "rate_pct": 93.66666666666667
        },
        "2": {
          "num": 851,
          "den": 900,
          "rate_pct": 94.55555555555556
        },
        "3": {
          "num": 848,
          "den": 900,
          "rate_pct": 94.22222222222223
        }
      },
      "mean_pct": 94.52777777777779,
      "sd_pct": 0.7301910793386063,
      "sample_sd_pct": 0.8431520324320154,
      "min_pct": 93.66666666666667,
      "max_pct": 95.66666666666667,
      "n_seeds": 4
    }
  }
}